185.28.193.95,uk
2002:894a:3a93:d:250:56ff:fe00:88c0,pt
192.241.151.220,us
97.77.104.22,us
211.140.26.58,uk
2602:ff62:104:7c9:8000::,us
120.52.73.98,uk
202.106.16.36,pt
2001:41d0:8:e7b5::1,pt
201.18.115.114,pt
2a02:c207:2008:5973::1,es
31.14.134.193,us
195.225.123.14,uk
118.178.86.82,es
202.98.152.252,uk
82.146.37.33,uk
2001:41d0:a:2417::1,pt
217.61.2.106,pt
180.234.223.91,es
128.199.215.91,us
123.30.108.67,pt
202.170.126.68,es
46.14.171.138,us
125.31.19.25,es
177.159.113.114,uk
81.169.232.7,us
52.50.2.169,pt
177.54.250.18,es
192.81.220.47,es
177.220.156.58,us
14.152.90.148,pt
200.168.250.196,es
71.183.112.122,us
119.29.183.143,us
207.249.125.35,pt
41.76.44.76,uk
137.74.254.198,pt
5.10.167.204,pt
187.60.170.22,us
2a02:c207:2009:3128::1,us
13.67.211.33,uk
90.152.38.178,es
203.70.11.180,pt
2404:8000:90:1:42f2:e9ff:fe32:7928,pt
177.89.161.223,us
173.239.197.125,es
190.15.222.55,pt
119.29.119.49,es
103.27.118.146,pt
120.92.3.127,us
94.177.240.125,pt
191.102.89.10,uk
91.194.42.51,es
5.196.58.88,es
184.49.237.6,us
118.70.212.142,es
151.80.197.192,uk
202.29.221.90,us
89.191.131.243,uk
138.197.28.136,es
85.143.210.233,uk
165.231.0.242,uk
41.160.187.186,es
163.172.67.180,pt
209.133.66.214,uk
52.65.134.56,pt
120.55.83.30,es
69.162.139.9,uk
64.134.242.54,us
92.60.126.169,es
115.248.237.77,pt
51.255.199.243,es
187.190.248.173,us
106.255.232.130,es
109.234.35.229,us
191.96.5.142,es
41.220.28.138,us
192.42.116.16,es
92.222.107.50,pt
163.172.160.182,uk
209.66.119.150,uk
185.69.154.59,us
185.15.42.51,us
106.37.189.69,uk
88.157.128.134,uk
37.139.9.11,us
178.22.148.122,uk
202.47.236.252,es
2a02:c207:2008:5497::1,pt
2a01:488:66:1000:5c33:8503:0:1,us
120.52.73.97,pt
94.177.171.187,es
125.31.1.27,es
2a02:c207:2008:5757::1,us
41.169.97.106,us
114.215.150.13,us
92.222.108.219,uk
189.206.33.130,es
2001:41d0:1004:2670::,pt
61.132.241.109,uk
198.50.206.0,uk
123.207.96.93,pt
175.41.139.245,us
109.238.227.27,pt
185.15.43.51,us
182.35.20.128,pt
89.238.130.58,us
67.205.145.108,pt
181.215.103.234,pt
117.176.62.148,es
96.234.43.134,es
200.7.160.61,pt
101.200.154.90,uk
120.25.166.134,pt
103.1.236.112,us
5.135.204.121,es
210.48.237.254,us
119.254.92.52,pt
202.107.238.51,uk
119.29.232.113,pt
212.166.53.168,es
77.81.226.238,us
187.84.222.153,pt
121.41.110.73,pt
103.58.117.228,us
69.181.205.101,us
222.186.161.215,us
123.30.75.115,pt
79.104.50.62,us
122.155.222.98,us
43.243.112.113,uk
113.185.19.192,uk
2001:41d0:8:11c6::,us
139.199.158.169,es
123.30.238.16,es
95.128.43.164,pt
190.112.111.245,uk
50.53.181.45,us
167.114.89.195,pt
2a00:6d40:60:6a2e::1,uk
116.93.119.36,pt
118.178.188.177,us
200.29.191.149,es
81.168.48.231,pt
185.38.14.215,es
187.60.219.248,us
122.224.227.202,us
103.18.4.13,es
122.154.227.70,us
192.25.162.203,uk
88.198.110.130,us
202.162.214.118,us
54.249.6.200,uk
13.69.251.167,es
121.199.40.205,us
52.57.198.130,us
210.91.48.122,pt
2a02:c205:2008:9547::1,es
59.51.27.213,uk
37.187.129.166,pt
85.194.241.205,es
148.245.105.25,pt
204.8.156.142,es
124.42.7.103,us
222.35.13.232,us
64.74.215.139,es
123.127.217.155,pt
